gid	select_reason	mid	sids	etype	eidx	sid
Zm00001d002573	biomAP	mu1037818	UFMu-03743	cds	1	UFMu-03743
Zm00001d002573	biomAP	mu1044681	UFMu-05693	cds	1	UFMu-05693
Zm00001d010956	biomAP	mu1018670	UFMu-00892	cds	1	UFMu-00892
Zm00001d010956	biomAP	mu1024366	UFMu-03734,UFMu-04496,UFMu-05423,UFMu-11033,UFMu-11703	cds	1	UFMu-03734
Zm00001d010956	biomAP	mu1042364	UFMu-05309	cds	1	UFMu-05309
Zm00001d012527	biomAP	mu1072049	UFMu-01872	cds	2	UFMu-01872
Zm00001d012527	biomAP	mu1081917	UFMu-09511	cds	3	UFMu-09511
Zm00001d013777	biomAP	mu1091739	UFMu-11240	cds	1	UFMu-11240
Zm00001d013777	biomAP	mu1091740	UFMu-11256	cds	1	UFMu-11256
Zm00001d014863	biomAP	mu1048715	UFMu-06481	cds	2	UFMu-06481
Zm00001d015743	biomAP	mu1073987	UFMu-04510	cds	2	UFMu-04510
Zm00001d016772	biomAP	mu1038857	UFMu-03865	cds	1	UFMu-03865
Zm00001d018178	biomAP	mu1041361	UFMu-04595	cds	1	UFMu-04595
Zm00001d018178	biomAP	mu1067645	UFMu-08588	cds	1	UFMu-08588
Zm00001d032923	biomAP	mu1065831	UFMu-08727	cds	1	UFMu-08727
Zm00001d033680	biomAP	mu1048354	UFMu-06414	cds	1	UFMu-06414
Zm00001d033680	biomAP	mu1075988	UFMu-09282	cds	1	UFMu-09282
Zm00001d033876	biomAP	mu1060319	UFMu-07904	cds	3	UFMu-07904
Zm00001d033876	biomAP	mu1088963	UFMu-12609	cds	4	UFMu-12609
Zm00001d034601	biomAP	mu1007556	UFMu-00183	cds	1	UFMu-00183
Zm00001d038843	biomAP	mu1081611	UFMu-09469	cds	3	UFMu-09469
Zm00001d045507	biomAP	mu1021149	UFMu-01454,UFMu-03431,UFMu-09491	cds	1	UFMu-01454
Zm00001d052288	biomAP	mu1086360	UFMu-11121	cds	5	UFMu-11121
Zm00001d053855	biomAP	mu1038641	UFMu-04041	cds	1	UFMu-04041
Zm00001d053855	biomAP	mu1048200	UFMu-06441	cds	1	UFMu-06441
Zm00001d026094	biomAP,multi-fam	mu1085720	UFMu-10752	cds	2	UFMu-10752
Zm00001d026094	biomAP,multi-fam	mu1085720	UFMu-11313	cds	2	UFMu-11313
Zm00001d005029	eQTL	mu1013874	UFMu-01221	cds	2	UFMu-01221
Zm00001d005029	eQTL	mu1019839	UFMu-01078	cds	2	UFMu-01078
Zm00001d006578	eQTL	mu1023670	UFMu-01909	cds	1	UFMu-01909
Zm00001d006578	eQTL	mu1085905	UFMu-10918	cds	1	UFMu-10918
Zm00001d006619	eQTL	mu1043591	UFMu-05348	cds	1	UFMu-05348
Zm00001d006619	eQTL	mu1090054	UFMu-11271	cds	1	UFMu-11271
Zm00001d006677	eQTL	mu1059190	UFMu-07720	cds	1	UFMu-07720
Zm00001d006677	eQTL	mu1094519	UFMu-13537	cds	1	UFMu-13537
Zm00001d006682	eQTL	mu1050812	UFMu-06525	cds	2	UFMu-06525
Zm00001d006682	eQTL	mu1033534	UFMu-03496	cds	4	UFMu-03496
Zm00001d006701	eQTL	mu1043587	UFMu-05273	cds	1	UFMu-05273
Zm00001d006701	eQTL	mu1080849	UFMu-09435,UFMu-10841,UFMu-11231	cds	1	UFMu-09435
Zm00001d010048	eQTL	mu1050701	UFMu-06457	cds	1	UFMu-06457
Zm00001d011223	eQTL	mu1042346	UFMu-04889	cds	3	UFMu-04889
Zm00001d011252	eQTL	mu1093204	UFMu-11297	cds	1	UFMu-11297
Zm00001d013465	eQTL	mu1048355	UFMu-06503	cds	1	UFMu-06503
Zm00001d013465	eQTL	mu1077544	UFMu-09282	cds	1	UFMu-09282
Zm00001d015412	eQTL	mu1083820	UFMu-10402	cds	1	UFMu-10402
Zm00001d017784	eQTL	mu1029281	UFMu-03628,UFMu-06364,UFMu-07139,UFMu-10541	cds	1	UFMu-03628
Zm00001d017784	eQTL	mu1091776	UFMu-11277	cds	1	UFMu-11277
Zm00001d020019	eQTL	mu1018759	UFMu-00943	cds	1	UFMu-00943
Zm00001d020881	eQTL	mu1049170	UFMu-05989	cds	1	UFMu-05989
Zm00001d021927	eQTL	mu1092833	UFMu-13537	cds	1	UFMu-13537
Zm00001d024268	eQTL	mu1017177	UFMu-01106,UFMu-01243	cds	2	UFMu-01106
Zm00001d024268	eQTL	mu1043735	UFMu-05293	cds	2	UFMu-05293
Zm00001d029963	eQTL	mu1076168	UFMu-09083	cds	5	UFMu-09083
Zm00001d030028	eQTL	mu1046801	UFMu-06525	cds	1	UFMu-06525
Zm00001d030028	eQTL	mu1076170	UFMu-08917	cds	1	UFMu-08917
Zm00001d035470	eQTL	mu1060525	UFMu-07940	cds	1	UFMu-07940
Zm00001d035965	eQTL	mu1015717	UFMu-01877	cds	2	UFMu-01877
Zm00001d036536	eQTL	mu1069716	UFMu-08693	cds	1	UFMu-08693
Zm00001d036632	eQTL	mu1045663	UFMu-05735	cds	9	UFMu-05735
Zm00001d042463	eQTL	mu1033989	UFMu-03519,UFMu-04992,UFMu-08040	cds	4	UFMu-03519
Zm00001d046774	eQTL	mu1093615	UFMu-13992	cds	1	UFMu-13992
Zm00001d047563	eQTL	mu1007168	UFMu-00469	cds	1	UFMu-00469
Zm00001d047563	eQTL	mu1042129	UFMu-05170	cds	1	UFMu-05170
Zm00001d051018	eQTL	mu1083446	UFMu-10036	cds	1	UFMu-10036
Zm00001d052798	eQTL	mu1045157	UFMu-05892	cds	1	UFMu-05892
Zm00001d053988	eQTL	mu1018103	UFMu-00826	cds	1	UFMu-00826
Zm00001d016154	eQTL,biomAP	mu1038804	UFMu-03763	cds	2	UFMu-03763
Zm00001d016255	eQTL,biomAP	mu1086526	UFMu-10749	cds	2	UFMu-10749
Zm00001d033965	eQTL,multi-fam	mu1055196	UFMu-07286	cds	1	UFMu-07286
Zm00001d033965	eQTL,multi-fam	mu1085538	UFMu-10595	cds	1	UFMu-10595
Zm00001d052847	eQTL,multi-fam	mu1091217	UFMu-12044	cds	3	UFMu-12044
Zm00001d052847	eQTL,multi-fam	mu1067257	UFMu-08437	cds	4	UFMu-08437
Zm00001d052847	eQTL,multi-fam	mu1091216	UFMu-12261	cds	4	UFMu-12261
Zm00001d008602	multi-fam	mu1049554	UFMu-06452,UFMu-10913	cds	1	UFMu-06452
Zm00001d008602	multi-fam	mu1042351	UFMu-04838	cds	2	UFMu-04838
Zm00001d008602	multi-fam	mu1042351	UFMu-11104,UFMu-11434,UFMu-12054,UFMu-12436,UFMu-13293,UFMu-13590	cds	2	UFMu-11104
Zm00001d010309	multi-fam	mu1016123	UFMu-01818	cds	1	UFMu-01818
Zm00001d010309	multi-fam	mu1065124	UFMu-01147	cds	1	UFMu-01147
Zm00001d010751	multi-fam	mu1060947	UFMu-08043,UFMu-11405	cds	1	UFMu-08043
Zm00001d010751	multi-fam	mu1078540	UFMu-09399	cds	1	UFMu-09399
Zm00001d012379	multi-fam	mu1016339	UFMu-01869,UFMu-02484,UFMu-03657	cds	1	UFMu-01869
Zm00001d012379	multi-fam	mu1029851	UFMu-02484	cds	1	UFMu-02484
Zm00001d013119	multi-fam	mu1039067	UFMu-03258	cds	1	UFMu-03258
Zm00001d013119	multi-fam	mu1053544	UFMu-06801	cds	1	UFMu-06801
Zm00001d016052	multi-fam	mu1034846	UFMu-03320	cds	1	UFMu-03320
Zm00001d016052	multi-fam	mu1025953	UFMu-11813	cds	2	UFMu-11813
Zm00001d016520	multi-fam	mu1023451	UFMu-02314	cds	1	UFMu-02314
Zm00001d016520	multi-fam	mu1083642	UFMu-10398	cds	1	UFMu-10398
Zm00001d016674	multi-fam	mu1048425	UFMu-06347	cds	2	UFMu-06347
Zm00001d016674	multi-fam	mu1056797	UFMu-07611	cds	2	UFMu-07611
Zm00001d025669	multi-fam	mu1046855	UFMu-06510	cds	3	UFMu-06510
Zm00001d025669	multi-fam	mu1072530	UFMu-03261	cds	4	UFMu-03261
Zm00001d027757	multi-fam	mu1085337	UFMu-10587	cds	2	UFMu-10587
Zm00001d027757	multi-fam	mu1085338	UFMu-10587	cds	2	UFMu-10587
Zm00001d039371	multi-fam	mu1038380	UFMu-03476	cds	2	UFMu-03476
Zm00001d039371	multi-fam	mu1081092	UFMu-09492	cds	2	UFMu-09492
Zm00001d041397	multi-fam	mu1038108	UFMu-03934	cds	1	UFMu-03934
Zm00001d041397	multi-fam	mu1047552	UFMu-06118	cds	1	UFMu-06118
Zm00001d042305	multi-fam	mu1043423	UFMu-05287	cds	1	UFMu-05287
Zm00001d042305	multi-fam	mu1043424	UFMu-04869	cds	1	UFMu-04869
Zm00001d042305	multi-fam	mu1083292	UFMu-10407	cds	1	UFMu-10407
Zm00001d052738	multi-fam	mu1014796	UFMu-02115	cds	1	UFMu-02115
Zm00001d052738	multi-fam	mu1067242	UFMu-08399	cds	1	UFMu-08399
Zm00001d052905	multi-fam	mu1021022	UFMu-01365,UFMu-01951	cds	1	UFMu-01365
Zm00001d052905	multi-fam	mu1042058	UFMu-05312	cds	1	UFMu-05312
Zm00001d053369	multi-fam	mu1048159	UFMu-06456	cds	1	UFMu-06456
Zm00001d053369	multi-fam	mu1077370	UFMu-08953	cds	2	UFMu-08953
Zm00001d053369	multi-fam	mu1048160	UFMu-06118	cds	3	UFMu-06118
Zm00001d053775	multi-fam	mu1086420	UFMu-11109	cds	2	UFMu-11109
Zm00001d053775	multi-fam	mu1086421	UFMu-11109	cds	2	UFMu-11109
Zm00001d053890	multi-fam	mu1026073	UFMu-08095	cds	1	UFMu-08095
Zm00001d053890	multi-fam	mu1086430	UFMu-10892	cds	1	UFMu-10892
Zm00001d053890	multi-fam	mu1091327	UFMu-11256	cds	1	UFMu-11256
